USEmbassyTirana,USEmbassyTirana,USEmbassyTirana,twitter.com/USEmbassyTirana,,,,
USEmbassyKabul,USEmbassyKabul,U.S. Embassy Kabul,twitter.com/USEmbassyKabul,Kabul,Afghanistan,sca,embassy
USAIDAfghan,USAIDAfghan,USAID Afghanistan,twitter.com/USAIDAfghan,Kabul,Afghanistan,sca,usaid-mission
USEmbAlgiers,USEmbAlgiers,US Embassy Algiers,twitter.com/USEmbAlgiers,Algiers,Algeria,nea,embassy
ElizabethAubin,ElizabethAubin,Elizabeth Aubin,twitter.com/ElizabethAubin,Algiers,Algeria,nea,personal
USAIDAngola,USAIDAngola,USAID Angola,twitter.com/USAIDAngola,Luanda,Angola,af,usaid-mission
EmbajadaEEUUarg,EmbajadaEEUUarg,US Embassy Buenos Aires,twitter.com/EmbajadaEEUUarg,Buenos Aires,Argentina,wha,embassy
usembarmenia,usembarmenia,US Embassy Yerevan,twitter.com/usembarmenia,Yerevan,Armenia,eur,embassy
AmbHeffern,AmbHeffern,Ambassador Heffern,twitter.com/AmbHeffern,Yerevan,Armenia,eur,personal
USAIDArmenia,USAIDArmenia,USAID Armenia,twitter.com/USAIDArmenia,Yerevan,Armenia,eur,usaid-mission
USAembassyinOZ,USAembassyinOZ,US Embassy Canberra,twitter.com/USAembassyinOZ,Canberra,Australia,eap,embassy
USConGenSydney,USConGenSydney,US Consulate Sydney,twitter.com/USConGenSydney,Sydney,Australia,eap,consulate
uscongenperth,uscongenperth,U.S. Consulate Perth,twitter.com/uscongenperth,Perth,Australia,eap,consulate
usconsulatemelb,usconsulatemelb,US Consulate Melbourne,twitter.com/usconsulatemelb,Melbourne,Australia,eap,consulate
usembvienna,usembvienna,US Embassy Vienna,twitter.com/usembvienna,Vienna,Austria,eur,embassy
usunvie,usunvie,US Mission Vienna,twitter.com/usunvie,Vienna,Austria,io,mission
usosce,usosce,US Mission to the OSCE,twitter.com/usosce,Vienna,Austria,eur,mission
AlexaWesner,AlexaWesner,Alexa Wesner,twitter.com/AlexaWesner,Vienna,Austria,eur,personal
danbbaer,danbbaer,Daniel Baer,twitter.com/danbbaer,Vienna,Austria,io,mission
USEmbassyBaku,USEmbassyBaku,USEmbassyBaku,twitter.com/USEmbassyBaku,Baku,Azerbaijan,eur,embassy
USEmbassyBah,USEmbassyBah,U.S. Embassy Bahrain,twitter.com/USEmbassyBah,Manama,Bahrain,nea,embassy
USAIDBangladesh,USAIDBangladesh,USAID Bangladesh,twitter.com/USAIDBangladesh,Dhaka,Bangladesh,sca,usaid-mission
USEmbassyBbdos,USEmbassyBbdos,US Embassy Bridgetown,twitter.com/USEmbassyBbdos,Bridgetown,Barbados,wha,embassy
USAIDBarbados,USAIDBarbados,USAID Barbados ,twitter.com/USAIDBarbados,Bridgetown,Barbados,wha,usaid-mission
AmbPalmer,AmbPalmer,Larry Palmer,twitter.com/AmbPalmer,Bridgetown,Barbados,wha,personal
usembbrussels,usembbrussels,US Embassy Brussels,twitter.com/usembbrussels,Brussels,Belgium,eur,embassy
USAandEurope,USAandEurope,US-EuropeanMediaHub,twitter.com/USAandEurope,Brussels,Belgium,eur,foreign-other
USAmbEU,USAmbEU,Ambassador to the EU William Kennard,twitter.com/USAmbEU,Brussels,Belgium,eur,personal
US2EU,US2EU,US Mission to the EU,twitter.com/US2EU,Brussels,Belgium,eur,mission
USAmbNATO,USAmbNATO,Douglas Lute,twitter.com/USAmbNATO,Brussels,Belgium,io,personal
USNATO,USNATO,US Mission to NATO,twitter.com/USNATO,Brussels,Belgium,io,mission
USEmbassyBenin,USEmbassyBenin,U.S. Embassy Benin,twitter.com/USEmbassyBenin,Cotonou,Benin,af,embassy
EmbEUAenBolivia,EmbEUAenBolivia,Embajada EUA Bolivia,twitter.com/EmbEUAenBolivia,La Paz,Bolivia,wha,embassy
USAIDBolivia,USAIDBolivia,USAID Bolivia,twitter.com/USAIDBolivia,La Paz,Bolivia,wha,usaid-mission
USEmbassySJJ,USEmbassySJJ,US Embassy Sarajevo,twitter.com/USEmbassySJJ,Sarajevo,Bosnia and Herzegovina,eur,embassy
EmbaixadaEUA,EmbaixadaEUA,US Embassy Brasilia,twitter.com/EmbaixadaEUA,Brasilia,Brazil,wha,embassy
jovensemb,jovensemb,Jovens Embaixadores,twitter.com/jovensemb,Brasilia,Brazil,wha,foreign-other
ircbrasil,ircbrasil,IRC Brazil,twitter.com/ircbrasil,Brasilia,Brazil,wha,irc
USCitsBrazil,USCitsBrazil,US Citizens Brazil,twitter.com/USCitsBrazil,Brasilia,Brazil,wha,embassy
USEmbassyBurma,USEmbassyBurma,U.S. Embassy Burma,twitter.com/USEmbassyBurma,Rangoon,Burma,eap,embassy
USEmbPhnomPenh,USEmbPhnomPenh,US Embassy Cambodia,twitter.com/USEmbPhnomPenh,Phnom Penh,Cambodia,eap,embassy
USEmbCameroon,USEmbCameroon,US Embassy Yaounde,twitter.com/USEmbCameroon,Yaounde,Cameroon,af,embassy
USEmbYaounde,USEmbYaounde,U.S. Embassy Yaounde,twitter.com/USEmbYaounde,Yaounde,Cameroon,af,embassy
usembassyottawa,usembassyottawa,US Embassy Ottawa,twitter.com/usembassyottawa,Ottawa,Canada,wha,embassy
usconshalifax,usconshalifax,US Consulate Halifax,twitter.com/usconshalifax,Halifax,Canada,wha,consulate
USEmbassyPraia,USEmbassyPraia,U.S. Embassy Praia,twitter.com/USEmbassyPraia,Praia,Cape Verde,af,embassy
EmbajadaEEUUcl,EmbajadaEEUUcl,US Embassy Santiago,twitter.com/EmbajadaEEUUcl,Santiago,Chile,wha,embassy
BeijingAir,BeijingAir,Beijing Air,twitter.com/BeijingAir,Beijing,China,eap,foreign-other
USA_China_Talk,USConsulateGZ,US Consulate Guangzhou,twitter.com/USA_China_Talk,Guangzhou,China,eap,consulate
RichardBuangan,RichardBuangan,Press Spokesman Richard Buangan,twitter.com/RichardBuangan,Beijing,China,eap,personal
USAinHKMacau,USAinHKMacau,U.S. CG HK and Macau,twitter.com/USAinHKMacau,Hong Kong,China,eap,consulate
USA_Zhongwen,USA_Zhongwen,USA in Zhongwen,twitter.com/USA_Zhongwen,Zhongwen,China,pa,consulate
AmbLocke,AmbLocke,Amb Gary Locke,twitter.com/AmbLocke,Beijing,China,eap,personal
USAID_Colombia,USAID_Colombia,USAID/Colombia,twitter.com/USAID_Colombia,Bogota,Colombia,wha,usaid-mission
USEmbassyBogota,USEmbassyBogota,US Embassy Bogota,twitter.com/USEmbassyBogota,Bogota,Columbia,wha,embassy
usembassysjo,usembassysjo,US Embassy San Jose,twitter.com/usembassysjo,San Jose,Costa Rica,wha,embassy
usambassadorcr,usambassadorcr,Ambassador Anne Andrew,twitter.com/usambassadorcr,San Jose,Costa Rica,wha,personal
USINTHavana,USINTHavana,US Interests Section Havana,twitter.com/USINTHavana,Havana,Cuba,wha,foreign-other
USAenCUBA,USAenCUBA,USAenCUBA,twitter.com/USAenCUBA,Havana,Cuba,wha,foreign-other
USEmbassyCyprus,USEmbassyCyprus,U.S. Embassy Nicosia,twitter.com/USEmbassyCyprus,Nicosia,Cyprus,eur,embassy
USEmbassyPrague,USEmbassyPrague,US Embassy Prague,twitter.com/USEmbassyPrague,Prague,Czech Republic,eur,embassy
USEmbKinshasa,USEmbKinshasa,US Embassy Kinshasa,twitter.com/USEmbKinshasa,Kinshasa,Democratic Republic of Congo,af,embassy
usembdenmark,usembdenmark,US Embassy Copenhagen,twitter.com/usembdenmark,Copenhagen,Denmark,eur,embassy
rufusgifford,rufusgifford,Rufus Gifford,twitter.com/rufusgifford,Copenhagen,Denmark,eur,personal
US_Emb_Djibouti,US_Emb_Djibouti,US Embassy Djibouti,twitter.com/US_Emb_Djibouti,Djibouti,Djibouti,af,embassy
EmbajadaUSAenRD,EmbajadaUSAenRD,EmbajadaUSAenRD,twitter.com/EmbajadaUSAenRD,Santo Domingo,Dominican Republic,wha,embassy
usembassy_quito,usembassy_quito,US Embassy Quito,twitter.com/usembassy_quito,Quito,Ecuador,wha,embassy
ConsEEUUGYE,ConsEEUUGYE,Consulado EEUU GYE,twitter.com/ConsEEUUGYE,Guayaquil,Ecuador,wha,consulate
USAIDEcuador,USAIDEcuador,USAID Ecuador,twitter.com/USAIDEcuador,Quito,Ecuador,wha,usaid-mission
usembassycairo,usembassycairo,US Embassy Cairo,twitter.com/usembassycairo,Cairo,Egypt,nea,embassy
USAIDEgypt,USAIDEgypt,USAID Egypt,twitter.com/USAIDEgypt,Cairo,Egypt,nea,usaid-mission
amb_mike,amb_mike,Michael C. Polt,twitter.com/amb_mike,Tallin,Estonia,eur,personal
USEmbTallinn,USEmbTallinn,US Embassy Tallinn,twitter.com/USEmbTallinn,Tallinn,Estonia,eur,embassy
amb_jeff,amb_jeff,Amb. Jeff Levine,twitter.com/amb_jeff,Tallinn,Estonia,eur,personal
USAIDEthiopia,USAIDEthiopia,USAID Ethiopia,twitter.com/USAIDEthiopia,Addis Ababa,Ethiopia,af,usaid-mission
USEmbassyKoloni,USEmbassyKoloni,US Embassy Kolonia,twitter.com/USEmbassyKoloni,"Kolonia, Pohnpei",Federated States of Micronesia,eap,embassy
ARCHelsinki,ARCHelsinki,Amerikka Kirjasto,twitter.com/ARCHelsinki,Helsiki,Finland,eur,irc
usembfinland,usembfinland,U.S. Embassy Finland,twitter.com/usembfinland,Helsinki,Finland,eur,embassy
helsinkiamb,helsinkiamb,Bruce Oreck,twitter.com/helsinkiamb,Helsinki,Finland,eur,personal
USEmbassyFrance,USEmbassyFrance,US Embassy Paris,twitter.com/USEmbassyFrance,Paris,France,eur,embassy
ARSParis,ARSParis,ARS Paris,twitter.com/ARSParis,Paris,France,af,foreign-other
AmbRivkin,AmbRivkin,Charles H. Rivkin,twitter.com/AmbRivkin,Paris,France,eur,embassy
usembassygabon,usembassygabon,US Embassy Libreville,twitter.com/usembassygabon,Libreville,Gabon,af,embassy
USAIDGeorgia,USAIDGeorgia,USAID Georgia,twitter.com/USAIDGeorgia,Tbilisi,Georgia,eur,usaid-mission
usbotschaft,usbotschaft,US Embassy Berlin,twitter.com/usbotschaft,Berlin,Germany,eur,embassy
usconsfrankfurt,usconsfrankfurt,US Consulate Frankfurt,twitter.com/usconsfrankfurt,Frankfurt,Germany,eur,consulate
usconshamburg,usconshamburg,US Consulate Hamburg,twitter.com/usconshamburg,Hamburg,Germany,eur,consulate
USConsLeipzig,USConsLeipzig,US Consulate Leipzig,twitter.com/USConsLeipzig,Leipzig,Germany,eur,consulate
usconsmunich,usconsmunich,US Consulate Munich,twitter.com/usconsmunich,Munich,Germany,eur,consulate
USConGenNRW,USConGenNRW,US Consulate General Duesseldorf,twitter.com/USConGenNRW,Duesseldorf,Germany,eur,consulate
conradtribble,conradtribble,Conrad Tribble,twitter.com/conradtribble,Munich,Germany,eur,personal
USEmbassyGhana,USEmbassyGhana,US Embassy Ghana,twitter.com/USEmbassyGhana,Accra,Ghana,af,embassy
USEmbassyAthens,USEmbassyAthens,George Vorvolakos,twitter.com/USEmbassyAthens,Athens,Greece,eur,embassy
usembassyguate,usembassyguate,US Embassy Guatemala City,twitter.com/usembassyguate,Guatemala City,Guatemala,wha,embassy
USAIDGuate,USAIDGuate,USAID Guatemala,twitter.com/USAIDGuate,Guatemala City,Guatemala,wha,usaid-mission
EmbassyConakry,EmbassyConakry,US Embassy Conakry,twitter.com/EmbassyConakry,Conakry,Guinea,af,embassy
USAIDGuinea,USAIDGuinea,USAID Guinea,twitter.com/USAIDGuinea,Conakry,Guinea,af,usaid-mission
visageorge,visageorge,US Embassy Georgetown,twitter.com/visageorge,Georgetown,Guyana,wha,embassy
USEmbassyHaiti,USEmbassyHaiti,US Embassy Port-au-Prince,twitter.com/USEmbassyHaiti,Port-au-Prince,Haiti,wha,embassy
USAID_Haiti,USAID_Haiti,USAID Haiti,twitter.com/USAID_Haiti,Port au Prince,Haiti,wha,usaid-mission
AmbPWhite,AmbPWhite,Pamela White,twitter.com/AmbPWhite,Port au Prince,Haiti,wha,personal
usembassyteg,usembassyteg,US Embassy Tegucigalpa,twitter.com/usembassyteg,Tegucigalpa,Honduras,wha,embassy
USAmbHonduras,USAmbHonduras,Ambassador Kubiske,twitter.com/USAmbHonduras,Tegucigalpa,Honduras,wha,personal
CSHongKong,CSHongKong,US Consulate Hong Kong,twitter.com/CSHongKong,Hong Kong,Hong Kong,eap,consulate
usembbudapest,usembbudapest,US Embassy Budapest,twitter.com/usembbudapest,Budapest,Hungary,eur,embassy
usembreykjavik,usembreykjavik,U.S. Embassy Iceland,twitter.com/usembreykjavik,Reykjavik,Iceland,eur,embassy
AmCenterKolkata,AmCenterKolkata,AmCenter Kolkata,twitter.com/AmCenterKolkata,Kolkata,India,sca,american-corner
USAndKolkata,USAndKolkata,US Consulate Kolkata,twitter.com/USAndKolkata,Kolkata,India,sca,consulate
usaid_india,usaid_india,USAID India,twitter.com/usaid_india,New Delhi,India,sca,usaid-mission
USAndMumbai,USAndMumbai,U.S. Consulate Mumbai,twitter.com/USAndMumbai,Mumbai,India,sca,consulate
usembassyjkt,usembassyjkt,US Embassy Jakarta,twitter.com/usembassyjkt,Jakarta,Indonesia,eap,embassy
atamerica,atamerica,@america,twitter.com/atamerica,Jakarta,Indonesia,eap,bnc
usaidindonesia,usaidindonesia,USAID Indonesia,twitter.com/usaidindonesia,Jakarta,Indonesia,eap,usaid-mission
USConGenSby,USConGenSby,US Consulate General,twitter.com/USConGenSby,Surabaya,Indonesia,eap,consulate
USMission2ASEAN,USMission2ASEAN,U.S. Mission to ASEAN,twitter.com/USMission2ASEAN,Jakarta,Indonesia,eap,mission
USAIDIraq,USAIDIraq,USAID Iraq,twitter.com/USAIDIraq,Baghdad,Iraq,nea,usaid-mission
usembassydublin,usembassydublin,US Embassy Dublin,twitter.com/usembassydublin,Dublin,Ireland,eur,embassy
USAinNI,USAinNI,US Consulate Belfast,twitter.com/USAinNI,Belfast,Ireland,eur,embassy
usembassyta,usembassyta,US Embassy Tel Aviv,twitter.com/usembassyta,Tel Aviv,Israel,nea,embassy
USCGJerusalem,USCGJerusalem,US Consulate General Jerusalem,twitter.com/USCGJerusalem,Jerusalem,Israel,nea,consulate
AmbShapiro,AmbShapiro,Dan Shapiro,twitter.com/AmbShapiro,Tel Aviv,Israel,nea,personal
AmbasciataUSA,AmbasciataUSA,US Embassy Rome,twitter.com/AmbasciataUSA,Rome,Italy,eur,embassy
USUNRome,USUNRome,USUNRome ,twitter.com/USUNRome,Rome,Italy,io,mission
USAnelSud,USAnelSud,Consolato USA Napoli,twitter.com/USAnelSud,Naples,Italy,eur,consulate
USinHolySee,USinHolySee,U.S. in Holy See,twitter.com/USinHolySee,Rome,Italy,eur,mission
USConnect,USConnect,US Connect,twitter.com/USConnect,Tokyo,Japan,eap,foreign-other
AmbassadorRoos,AmbassadorRoos,Ambassador Roos,twitter.com/AmbassadorRoos,Tokyo,Japan,eap,personal
eAsiaMediaHub,eAsiaMediaHub,US EAP Media Hub ,twitter.com/eAsiaMediaHub,Tokyo,Japan,eap,foreign-other
USConnectKyushu,USConnectKyushu,Fukuoka American Center,twitter.com/USConnectKyushu,Fukuoka,Japan,eap,american-corner
Nagoya_AC,Nagoya_AC,名古屋アメリカンセンター,twitter.com/Nagoya_AC,Nagoya,Japan,eap,consulate
ConsulateNagoya,ConsulateNagoya,ハリーサリバン,twitter.com/ConsulateNagoya,Nagoya,Japan,eap,consulate
usembassytokyo,usembassytokyo,US Embassy Tokyo,twitter.com/usembassytokyo,Tokyo,Japan,eap,embassy
CarolineKennedy,CarolineKennedy,Caroline Kennedy,twitter.com/CarolineKennedy,Tokyo,Japan,sca,personal
USEmbassyJordan,USEmbassyJordan,US Embassy Amman,twitter.com/USEmbassyJordan,Amman,Jordan,nea,embassy
usembassyastana,usembassyastana,U.S. Embassy Astana,twitter.com/usembassyastana,Astana,Kazakhstan  ,sca,embassy
USCGAlmaty,USCGAlmaty,USCG Almaty,twitter.com/USCGAlmaty,Almaty,Kazakhstan,sca,embassy
USAIDCtrAsia,USAIDCtrAsia,USAID Central Asia,twitter.com/USAIDCtrAsia,Almaty,Kazakhstan,sca,usaid-mission
USEmbassyKenya,USEmbassyKenya,US Embassy Nairobi,twitter.com/USEmbassyKenya,Nairobi,Kenya,af,embassy
USAIDEastAfrica,USAIDEastAfrica,USAID East Africa,twitter.com/USAIDEastAfrica,Nairobi,Kenya,af,usaid-mission
USAIDKenya,USAIDKenya,USAID Kenya,twitter.com/USAIDKenya,Nairobi,Kenya,af,usaid-mission
USEmbassyJA,USEmbassyJA,US Embassy Jamaica,twitter.com/USEmbassyJA,Jamaica,Kingston,wha,embassy
AmbTracey,AmbTracey,Amb. Tracey Jacobson,twitter.com/AmbTracey,Pristina,Kosovo,eur,personal
ACPrizren,ACPrizren,American Corner Prizren,twitter.com/ACPrizren,Prizren,Kosovo,eur,american-corner
acpristina,acpristina,AMerican Corner Pristina,twitter.com/acpristina,Pristina,Kosovo,eur,american-corner
USEmbassyQ8,USEmbassyQ8,U.S. Embassy Kuwait,twitter.com/USEmbassyQ8,Kuwait City,Kuwait,nea,embassy
USEmbassyKG,USEmbassyKG,US Embassy Bishkek,twitter.com/USEmbassyKG,Bishkek,Kyrgyzstan,sca,embassy
PamelaSpratlen,PamelaSpratlen,Pamela Spratlen,twitter.com/PamelaSpratlen,Bishkek,Kyrgyzstan,sca,embassy
USEmbassyRiga,USEmbassyRiga,US Embassy Riga,twitter.com/USEmbassyRiga,Riga,Latvia,eur,embassy
AmbMarkPekala,AmbMarkPekala,Mark Pekala,twitter.com/AmbMarkPekala,Riga,Latvia,eur,other
usembassybeirut,usembassybeirut,U.S. Embassy Beirut,twitter.com/usembassybeirut,Beirut,Lebanon,nea,embassy
embassymonrovia,embassymonrovia,US Embassy Monrovia,twitter.com/embassymonrovia,Monrovia,Liberia,af,embassy
USAEmbassyLibya,USAEmbassyLibya,U.S. Embassy - Libya,twitter.com/USAEmbassyLibya,Tripoli,Libya,nea,embassy
SafiraDeborah,SafiraDeborah,Safira Deborah,twitter.com/SafiraDeborah,Tripoli,Libya,nea,personal
AMB_DMcCarthy,AMB_DMcCarthy,Deborah McCarthy,twitter.com/AMB_DMcCarthy,Vilnius,Lithuania,eur,personal
USEmbVilnius,USEmbVilnius,U.S. Embassy Vilnius,twitter.com/USEmbVilnius,Vilnius,Lithuania,eur,embassy
USEmbLuxembourg,USEmbLuxembourg,US Embassy Luxembourg,twitter.com/USEmbLuxembourg,Luxembourg,Luxembourg,eur,embassy
USAIDMacedonia,USAIDMacedonia,USAID Macedonia,twitter.com/USAIDMacedonia,Skopje,Macedonia,eur,usaid-mission
USMadagascar,USMadagascar,US Embassy Antananarivo,twitter.com/USMadagascar,Antananarivo,Madagascar,af,embassy
USAIDMadagascar,USAIDMadagascar,USAID Madagascar,twitter.com/USAIDMadagascar,Antanarivo,Madagascar,af,usaid-mission
AmbassadorJones,AmbassadorJones,Ambassador Paul W. Jones,twitter.com/AmbassadorJones,Kuala Lumpur,Malaysia,eap,personal
usembassykl,usembassykl,US Embassy KL,twitter.com/usembassykl,Kuala Lumpur,Malaysia,eap,embassy
USEmbassyMali,USEmbassyMali,AmEmb Bamako,twitter.com/USEmbassyMali,Bamako,Mali,af,embassy
USAIDMali,USAIDMali,USAID Mali,twitter.com/USAIDMali,Bamako,Mali,af,usaid-mission
usembmalta,usembmalta,U.S. Embassy Malta,twitter.com/usembmalta,Valleta,Malta,eur,embassy
USEmbassyMEX,USEmbassyMEX,US Embassy Mexico City,twitter.com/USEmbassyMEX,Mexico City,Mexico,wha,embassy
comunidadfront,comunidadfront,Comunidad Fronteriza,twitter.com/comunidadfront,Juarez,Mexico,wha,consulate
USCGGuadalajara,USCGGuadalajara,USCG Guadalajara,twitter.com/USCGGuadalajara,Guadalajara,Mexico,wha,consulate
USCGMatamoros,USCGMatamoros,US ConGen Matamoros,twitter.com/USCGMatamoros,Matamoros,Mexico,wha,consulate
ConsuladoUSATJ,ConsuladoUSATJ,US Consulate Tijuana,twitter.com/ConsuladoUSATJ,Tijuana,Mexico,wha,consulate
ConsuladoUSAMty,ConsuladoUSAMty,USCG Monterrey,twitter.com/ConsuladoUSAMty,Monterrey,Mexico,wha,consulate
USAConNVL,USAConNVL,US Cons Nuevo Laredo,twitter.com/USAConNVL,Nuevo Laredo,Mexico,wha,consulate
USCGNogales,USCGNogales,U.S. ConGen Nogales,twitter.com/USCGNogales,Nogales,Mexico,wha,consulate
USConsuladoHer,USConsuladoHer,US ConGen Hermosillo,twitter.com/USConsuladoHer,Hermosillo,Mexico,wha,consulate
ConsuladoUSAMer,ConsuladoUSAMer,Consulado EU Merida,twitter.com/ConsuladoUSAMer,Merida,Mexico,wha,consulate
USembMoldova,USembMoldova,U.S. Embassy Moldova,twitter.com/USembMoldova,Chisinau,Moldova,eur,embassy
usembmongolia,usembmongolia,U.S.Embassy in Ulaanbaatar,twitter.com/usembmongolia,Ulaanbaatar,Mongolia,eap,embassy
USEmbassyMNE,USEmbassyMNE,US Embassy Podgorica,twitter.com/USEmbassyMNE,Podgorica,Montenegro,eur,embassy
usaidmorocco,usaidmorocco,USAID Morocco,twitter.com/usaidmorocco,Rabat,Morocco,nea,usaid-mission
USEmbassyMaputo,USEmbassyMaputo,US Embassy Maputo,twitter.com/USEmbassyMaputo,Maputo,Mozambique,af,embassy
USAIDMozambique,USAIDMozambique,USAID Mozambique,twitter.com/USAIDMozambique,Maputo,Mozambique,af,usaid-mission
USEmbNamibia,USEmbNamibia,U.S. Embassy Namibia,twitter.com/USEmbNamibia,Windhoek,Namibia,af,embassy
usembassynepal,usembassynepal,US Embassy Kathmandu,twitter.com/usembassynepal,Kathmandu,Nepal,sca,embassy
AmbPeterBodde,AmbPeterBodde,Peter W. Bodde,twitter.com/AmbPeterBodde,Kathmandu,Nepal,sca,personal
usembthehague,usembthehague,US Embassy The Hague,twitter.com/usembthehague,The Hague,Netherlands,eur,embassy
ConGenAMS,ConGenAMS,US Consulate General Amsterdam,twitter.com/ConGenAMS,Amsterdam,Netherlands,eur,consulate
usembassynz,usembassynz,US Embassy Wellington,twitter.com/usembassynz,Wellington,New Zealand,eap,embassy
DavidHuebner,DavidHuebner,David Huebner,twitter.com/DavidHuebner,Wellington,New Zealand,eap,personal
educationusanz,educationusanz,Education USA NZ,twitter.com/educationusanz,Wellington,New Zealand,eap,embassy
nextgenUSANZ,nextgenUSANZ,Youth Engagement,twitter.com/nextgenUSANZ,Wellington,New Zealand,eap,embassy
sportsUSANZ,sportsUSANZ,Sports Diplomacy ,twitter.com/sportsUSANZ,Wellington,New Zealand,eap,embassy
USEmbNicaragua,USEmbNicaragua,USEmbassy Nicaragua ,twitter.com/USEmbNicaragua,Managua,Nicaragua,wha,embassy
EmbPowers,EmbPowers,Phyllis M. Powers,twitter.com/EmbPowers,Managua,Nicaragua,wha,mission
USAIDnicaragua,USAIDNic,USAID Nicaragua,twitter.com/USAIDnicaragua,Managua,Nicaragua,wha,usaid-mission
USEmbassyAbuja,USEmbassyAbuja,US Embassy Abuja,twitter.com/USEmbassyAbuja,Abuja,Nigeria,af,embassy
usembassyoslo,usembassyoslo,US Embassy Oslo,twitter.com/usembassyoslo,Oslo,Norway,eur,embassy
USEmbMuscat,USEmbMuscat,U.S. Embassy Muscat,twitter.com/USEmbMuscat,Muscat,Oman,nea,embassy
USCGLahore,USCGLahore,US Consulate Lahore,twitter.com/USCGLahore,Lahore,Pakistan,sca,consulate
usembislamabad,usembislamabad,US Embassy Islamabad,twitter.com/usembislamabad,Islamabad,Pakistan,sca,embassy
usconsulatekhi,usconsulatekhi,US Consulate Karachi,twitter.com/usconsulatekhi,Karachi,Pakistan,sca,consulate
USAID_Pakistan,USAID_Pakistan,USAID Pakistan,twitter.com/USAID_Pakistan,Islamabad,Pakistan,sca,usaid-mission
USAIDWBG,USAIDWBG,USAID West Bank/Gaza,twitter.com/USAIDWBG,Gaza,Palestinian Territories,nea,usaid-mission
USEmbPan,USEmbPan,US Embassy Panama City,twitter.com/USEmbPan,Panama City,Panama,wha,embassy
USAmbassadorPAN,USAmbassadorPAN,Jonathan Farrar,twitter.com/USAmbassadorPAN,Panama City,Panama,wha,personal
laembajada,laembajada,US Embassy Asuncion,twitter.com/laembajada,Asuncion,Paraguay,wha,embassy
usaidparaguay,usaidparaguay,USAID/Paraguay,twitter.com/usaidparaguay,Asuncion,Paraguay,wha,usaid-mission
USEMBASSYPERU,USEMBASSYPERU,US Embassy Lima,twitter.com/USEMBASSYPERU,Lima,Peru,wha,embassy
USAIDPeru,USAIDPeru,USAID/Peru,twitter.com/USAIDPeru,Lima,Peru,wha,usaid-mission
usembassymanila,usembassymanila,U.S. Embassy Manila,twitter.com/usembassymanila,Manila,Philippines,eap,embassy
USAID_Manila,USAID_Manila,USAID Philippines,twitter.com/USAID_Manila,Manila,Philippines,eap,usaid-mission
AMBGoldberg,AMBGoldberg,Ambassador Philip Goldberg,twitter.com/AMBGoldberg,Manila,Philippines,eap,personal
USEmbassyWarsaw,USEmbassyWarsaw,US Embassy Warsaw,twitter.com/USEmbassyWarsaw,Warsaw,Poland,eur,embassy
AmbFeinstein,AmbFeinstein,Lee A. Feinstein,twitter.com/AmbFeinstein,Warsaw,Poland,eur,embassy
SteveMullUSA,SteveMullUSA,Stephen D. Mull,twitter.com/SteveMullUSA,Warsaw,Poland,eur,other
USEmbassyQatar,USEmbassyQatar,U.S. Embassy Qatar,twitter.com/USEmbassyQatar,Doha,Qatar ,nea,embassy
usconsulyekat,usconsulyekat,Консульство США/Урал,twitter.com/usconsulyekat,Yekaterinburg,Russia,eur,consulate
USEmbRu,USEmbRu,U.S. Embassy Russia,twitter.com/USEmbRu,Moscow,Russia,eur,embassy
McFaul,McFaul,Michael McFaul,twitter.com/McFaul,Moscow,Russia,eur,embassy
USAIDRwanda,USAIDRwanda,USAID Rwanda,twitter.com/USAIDRwanda,Kigali,Rwanda,af,usaid-mission
usembassysamoa,usembassysamoa,US Embassy Samoa,twitter.com/usembassysamoa,Apia,Samoa,eap,embassy
USEmbassyRiyadh,USEmbassyRiyadh,U.S. Embassy Riyadh,twitter.com/USEmbassyRiyadh,Riyadh,Saudi Arabia,nea,embassy
usembassyserbia,usembassyserbia,US Embassy Belgrade,twitter.com/usembassyserbia,Belgrade,Serbia,eur,embassy
USAIDSerbia,USAIDSerbia,USAID Serbia,twitter.com/USAIDSerbia,Belgrade,Serbia,eur,usaid-mission
RedWhiteBlueDot,RedWhiteBlueDot,US Embassy Singapore,twitter.com/RedWhiteBlueDot,Singapore,Singapore,eap,embassy
USEmbassySLO,USEmbassySLO,US Embassy Ljubljana,twitter.com/USEmbassySLO,Ljubljana,Slovenia,eur,embassy
USEmbassySA,USEmbassySA,US Embassy South Africa,twitter.com/USEmbassySA,Pretoria,South Africa,af,embassy
USAID_SAfrica,USAID_SAfrica,USAID SouthernAfrica,twitter.com/USAID_SAfrica,Pretoria,South Africa,af,usaid-mission
USembassySeoul,USembassySeoul,US Embassy Seoul,twitter.com/USembassySeoul,Seoul,South Korea,eap,embassy
AmbStephens,AmbStephens,Kathleen Stephens,twitter.com/AmbStephens,Seoul,South Korea,eap,personal
USembassyMadrid,USembassyMadrid,US Embassy Madrid,twitter.com/USembassyMadrid,Madrid,Spain,eur,embassy
USConsulateBCN,USConsulateBCN,USConsulateBarcelona,twitter.com/USConsulateBCN,Barcelona,Spain,eur,consulate
USAIDSriLanka,USAIDSriLanka,USAID Sri Lanka,twitter.com/USAIDSriLanka,Colombo2,Sri Lanka,sca,usaid-mission
USEmbSL,USEmbSL,U.S. Embassy Colombo,twitter.com/USEmbSL,Colombo,Sri Lanka,sca,embassy
USAIDSudan,USAIDSudan,USAID Sudan,twitter.com/USAIDSudan,Khartoum,Sudan,af,usaid-mission
usembassysweden,usembassysweden,US Embassy Stockholm,twitter.com/usembassysweden,Stockholm,Sweden,eur,embassy
usmissiongeneva,usmissiongeneva,US Mission Geneva,twitter.com/usmissiongeneva,Geneva,Switzerland,io,mission
USEmbassyBern,USEmbassyBern,US Embassy Bern,twitter.com/USEmbassyBern,Bern,Switzerland,eur,embassy
USAmbHRC,USAmbHRC,Keith Harper,twitter.com/USAmbHRC,Geneva,Switzerland,io,mission
USEmbassySyria,USEmbassySyria,U.S. Embassy Syria,twitter.com/USEmbassySyria,Damascus,Syria,nea,embassy
AmbElliott,AmbElliott,Susan Elliott,twitter.com/AmbElliott,Dushanbe,Tajikistan,sca,personal
AmEmbTZ,AmEmbTZ,US Embassy Dar es Salaam,twitter.com/AmEmbTZ,Dar es Salaam,Tanzania,af,embassy
USEmbassyBKK,USEmbassyBKK,US Embassy Bangkok,twitter.com/USEmbassyBKK,Bangkok,Thailand,eap,embassy
KristieKenney,KristieKenney,Ambassador Kristie Kenney,twitter.com/KristieKenney,Bangkok,Thailand,eap,personal
USConsChiangMai,USConsChiangMai,US Consulate Chiang Mai,twitter.com/USConsChiangMai,Chiang Mai,Thailand,eap,consulate
USAIDAsia,USAIDAsia,USAID Asia,twitter.com/USAIDAsia,Bangkok,Thailand,eap,usaid-mission
ACSBKK,ACSBKK,ACS Bangkok,twitter.com/ACSBKK,Bangkok,Thailand,eap,embassy
USinTT,USinTT,U.S. Embassy POS,twitter.com/USinTT,Port of Spain,Trinidad and Tobago,wha,embassy
USembassyTurkey,USembassyTurkey,US Embassy Ankara,twitter.com/USembassyTurkey,Ankara,Turkey,eur,embassy
AmbCorbin,AmbCorbin,Michael Corbin,twitter.com/AmbCorbin,Abu Dhabi,UAE,nea,personal
usmissionuganda,usmissionuganda,US Embassy Kampala,twitter.com/usmissionuganda,Kampala,Uganda,af,embassy
USAIDUganda,USAIDUganda,USAID Uganda,twitter.com/USAIDUganda,Kampala,Uganda,af,usaid-mission
USAinUKCGCorner,USAinUKCGCorner,USAinUK CG's Corner ,twitter.com/USAinUKCGCorner,London,UK,eur,embassy
GeoffPyatt,GeoffPyatt,Ambassador Geoffrey Pyatt,twitter.com/GeoffPyatt,Kyiv,Ukraine,eur,personal
USAinUK,USAinUK,US in UK,twitter.com/usembassylondon,London,United Kingdom,eur,embassy
USAinUKpress,USAinUKpress,US Embassy Press,twitter.com/USAinUKpress,London,United Kingdom,eur,embassy
USAinUKbuzz,USAinUKbuzz,US in UK Buzz,twitter.com/USAinUKbuzz,London,United Kingdom,eur,embassy
MatthewBarzun,MatthewBarzun,Matthew Barzun,twitter.com/MatthewBarzun,London,United Kingdom,eur,personal
americagovprint,americagovprint,America.gov (Print),twitter.com/americagovprint,Washington DC,United States,iip,foreign-other
MeiGuoCanKao,MeiGuoCanKao,America.gov (Chinese),twitter.com/MeiGuoCanKao,Washington DC,United States,iip,foreign-other
AmericaGovFr,AmericaGovFr,AmericaGovFR (French),twitter.com/AmericaGovFr,Washington DC,United States,iip,foreign-other
AmericaGovEsp,AmericaGovEsp,America.gov (Spanish),twitter.com/AmericaGovEsp,Washington DC,United States,iip,foreign-other
TravelGov,TravelGov,Travel - State Dept,twitter.com/TravelGov,Washington DC,United States,ca,domestic-other
CONX,CONX,CONX,twitter.com/CONX,Washington DC,United States,iip,foreign-other
DigitalOutreach,DigitalOutreach,Digital Outreach Team (Arabic),twitter.com/DigitalOutreach,Washington DC,United States,r,foreign-other
StateDept,StateDept,State Department,twitter.com/StateDept,Washington DC,United States,pa,domestic-other
ECAatState,ConnectStateGov,Exchange Programs,twitter.com/ECAatState,Washington DC,United States,eca,foreign-other
ForeignPressCtr,ForeignPressCtr,Foreign Press Center,twitter.com/ForeignPressCtr,Washington DC,United States,pa,foreign-other
WHAAsstSecty,WHAAsstSecty,Roberta Jacobson,twitter.com/WHAAsstSecty,Washington DC,United States,wha,domestic-other
democracyis,democracyis,Democracy Challenge,twitter.com/democracyis,Washington DC,United States,iip,foreign-other
USEmbLibraries,USEmbLibraries,US Embassy Libraries,twitter.com/USEmbLibraries,Washington DC,United States,iip,foreign-other
doscareers,doscareers,Department of State Careers,twitter.com/doscareers,Washington DC,United States,hr,domestic-other
State_DRL,State_DRL,"Michael Posner,et al (DRL)",twitter.com/State_DRL,Washington DC,United States,drl,domestic-other
eDipAtState,eDipAtState,eDiplomacy,twitter.com/eDipAtState,Washington DC,United States,irm,domestic-other
FulbrightPrgrm,FulbrightPrgrm,Fulbright Program,twitter.com/FulbrightPrgrm,Washington DC,United States,eca,other
State_SCA,State_SCA,State SCA,twitter.com/State_SCA,Washington DC,United States,sca,domestic-other
ConsularNotify,ConsularNotify,ConsularNotification,twitter.com/ConsularNotify,Washington DC,United States,ca,domestic-other
EngageState,EngageState,Public Liaison,twitter.com/EngageState,Washington DC,United States,pa,domestic-other
statemag,statemag,State Magazine,twitter.com/statemag,Washington DC,United States,other,domestic-other
USAdarFarsi,USAdarFarsi,USA darFarsi,twitter.com/USAdarFarsi,Washington DC,United States,pa,foreign-other
USAbilAraby,USAbilAraby,USA bilAraby,twitter.com/USAbilAraby,Washington DC,United States,pa,foreign-other
Farah_Pandith,Farah_Pandith,Farah Pandith,twitter.com/Farah_Pandith,Washington DC,United States,s,personal
IIPState,IIPState,International Information Programs,twitter.com/IIPState,Washington DC,United States,iip,domestic-other
techATstate,techATstate,Tech at State,twitter.com/techATstate,"Washington, DC",United States,irm,domestic-other
USAemPortugues,USAemPortugues,USA em Portugues,twitter.com/USAemPortugues,Washington DC,United States,pa,foreign-other
USMEPI,USMEPI,MEPI,twitter.com/USMEPI,Washington DC,United States,nea,domestic-other
IRFAmbassador,IRFAmbassador,Suzan Johnson Cook,twitter.com/IRFAmbassador,Washington DC,United States,drl,personal
USAmbAPEC,USAmbAPEC,Kurt Tong,twitter.com/USAmbAPEC,Washington DC,United States,eap,personal
Gottemoeller,Gottemoeller,Rose Gottemoeller,twitter.com/Gottemoeller,Washington DC,United States,t,personal
EconEngage,EconEngage,Jose Fernandez ,twitter.com/EconEngage,Washington DC,United States,eb,personal
vsfsAtState,vsfsAtState,Virtual Student FS,twitter.com/vsfsAtState,Washington DC,United States,irm,domestic-other
HumanRightsgov,HumanRightsgov,HumanRights.gov,twitter.com/HumanRightsgov,Washington DC,United States,drl,other
USAenEspanol,USAenEspanol,USA en Espanol,twitter.com/USAenEspanol,Washington DC,United States,pa,foreign-other
USAenFrancais,USAenFrancais,USA en Francais,twitter.com/USAenFrancais,Washington DC,United States,pa,foreign-other
USApoRusski,USApoRusski,USA po Russki,twitter.com/USApoRusski,Washington DC,United States,pa,foreign-other
USAHindiMein,USAHindiMein,USA HindiMein,twitter.com/USAHindiMein,Washington DC,United States,pa,foreign-other
USAUrdu,USAUrdu,USA Urdu,twitter.com/USAUrdu,Washington DC,United States,pa,foreign-other
oieatstate,oieatstate,Office of Innovative Engagement,twitter.com/oieatstate,Washington DC,United States,iip,domestic-other
StateOIG,StateOIG,State OIG,twitter.com/StateOIG,Washington DC,United States,s,domestic-other
StateINL,inlbureau,StateINL,twitter.com/stateinl,"Washington, DC",United States,inl,domestic-other
StateDeptOES,StateDeptOES,StateDeptOES,twitter.com/StateDeptOES,Washington DC,United States,oes,domestic-other
StateCSO,StateCSO,StateCSO,twitter.com/StateCSO,Washington DC,United States,cso,domestic-other
CivResponse,CivResponse,US Civilian Response,twitter.com/CivResponse,Washington DC,United States,cso,domestic-other
PEPFAR,PEPFAR,PEPFAR,twitter.com/PEPFAR,Washington DC,United States,s,domestic-other
BruceWharton,BruceWharton,Bruce Wharton,twitter.com/BruceWharton,"Washington, DC",United States,af,personal
ABDTurk,ABDTurk,ABDTürk,twitter.com/ABDTurk,"Washington, DC",United States,pa,foreign-other
aereli,aereli,Adam Ereli,twitter.com/aereli,"Washington, DC",United States,eca,personal
SportsDiplomacy,SportsDiplomacy,SportsUnited,twitter.com/SportsDiplomacy,"Washington, DC",United States,eca,domestic-other
FulbrightBoard,FulbrightBoard,The Fulbright Board,twitter.com/FulbrightBoard,"Washington, DC",United States,eca,domestic-other
StateIVLP,StateIVLP,IVLP,twitter.com/StateIVLP,"Washington, DC",United States,eca,domestic-other
StatePRM,StatePRM,StateDeptPRM,twitter.com/StatePRM,"Washington, DC",United States,prm,domestic-other
State_IO,State_IO,State Dept IO Bureau,twitter.com/State_IO,"Washington, DC",United States,io,foreign-other
Amreekani,Amreekani,Amreekani,twitter.com/Amreekani,"Washington, DC",United States,iip,foreign-other
innovgen,innovgen,InnovationGeneration,twitter.com/innovgen,Washington DC,United States,iip,foreign-other
our1planet,our1planet,Our1Planet,twitter.com/our1planet,"Washington, DC",United States,iip,foreign-other
USUN,USUN,US Mission to the UN,twitter.com/USUN,"New York, NY",United States,io,mission
rajshah,rajshah,Raj Shah,twitter.com/rajshah,Washington DC,United States,usaid,personal
USAID,USAID,USAID,twitter.com/USAID,"Washington, DC",United States,usaid,domestic-other
USAIDMiddleEast,USAIDMiddleEast,USAID Middle East,twitter.com/USAIDMiddleEast,"Washington, DC",United States,nea,usaid-mission
FeedtheFuture,FeedtheFuture,Feed the Future,twitter.com/FeedtheFuture,"Washington, DC",United States,usaid,domestic-other
USAIDGH,USAIDGH,USAID Global Health,twitter.com/USAIDGH,"Washington, DC",United States,usaid,domestic-other
VisionofAmerica,VisionofAmerica,نمایی از آمريکا,twitter.com/VisionofAmerica,"Washington, DC",United States,iip,foreign-other
STASatState,STASatState,S&T Adviser at State,twitter.com/STASatState,"Washington, DC",United States,e,domestic-other
eJournal_USA,eJournal_USA,eJournalUSA,twitter.com/eJournal_USA,"Washington, DC",United States,iip,foreign-other
AmDiary,AmDiary,American Diary,twitter.com/AmDiary,"Washington, DC",United States,iip,foreign-other
ArtinEmbassies,ArtinEmbassies,Art in Embassies,twitter.com/ArtinEmbassies,"Washington, DC",United States,m,other
EdUSAupdates,EdUSAupdates,EducationUSA,twitter.com/EdUSAupdates,"Washington, DC",United States,eca,embassy
EdUSAtips,EdUSAtips,EducationUSA DC,twitter.com/EdUSAtips,"Washington, DC",United States,eca,embassy
marthafessenden,marthafessenden,Martha L. Fessenden,twitter.com/marthafessenden,"Washington, DC",United States,fsi,domestic-other
OSACState,OSACState,OSACState,twitter.com/OSACState,"Washington, DC",United States,other,other
WHASpeaks,WHASpeaks,WHA Speaks,twitter.com/WHASpeaks,"Washington, DC",United States,af,embassy
statedeptspox,statedeptspox,Jen Psaki,twitter.com/statedeptspox,Washington DC,United States,pa,personal
WellnessatState,WellnessatState,Wellness At State,twitter.com/WellnessatState,"Washington, DC",United States,m,domestic-other
stengel,stengel,Rick Stengel,twitter.com/stengel,"Washington, DC",United States,r,domestic-other
UkrProgress,UkrProgress,Прогресс для Украины,twitter.com/UkrProgress,"Washington, DC",United States,eur,foreign-other
marieharf,marieharf,Marie Harf,twitter.com/marieharf,"Washington, DC",United States,pa,personal
StateDeptLive,StateDeptLive,StateDept Live,twitter.com/StateDeptLive,"Washington, DC",United States,pa,domestic-other
YALINetwork,YALINetwork,YALINetwork,twitter.com/YALINetwork,"Washington, DC",United States,iip,foreign-other
macon44,macon44,Macon Phillips,twitter.com/macon44,"Washington, DC",United States,iip,personal
Malinowski,Malinowski,Tom Malinowski,twitter.com/Malinowski,"Washington, DC",United States,drl,personal
usembassyMVD,usembassyMVD,US Embassy Montevideo,twitter.com/usembassyMVD,Montevideo,Uruguay,wha,embassy
AmbassadorPower,AmbassadorPower,Samantha Power,twitter.com/AmbassadorPower,New York City,US,io,personal
StateAfrica,StateAfrica,Bureau of African Affairs,twitter.com/StateAfrica,"Washington, DC",US,af,domestic-other
ECA_AS,ECA_AS,ECA Assistant Sec.,twitter.com/ECA_AS,"Washington, DC",USA,eca,domestic-other
StateGDI,StateGDI,StateDptEcoDiplomacy,twitter.com/StateGDI,Washington,USA,m,domestic-other
usembtashkent,usembtashkent,US Embassy Tashkent,twitter.com/usembtashkent,Tashkent,Uzbekistan,sca,embassy
usembassyve,usembassyve,US Embassy Caracas,twitter.com/usembassyve,Caracas,Venezuela,wha,embassy
USAIDVietnam,USAIDVietnam,USAID Vietnam,twitter.com/USAIDVietnam,Hanoi,Vietnam,eap,usaid-mission
usembassyzambia,usembassyzambia,US Embassy Lusaka,twitter.com/usembassyzambia,Lusaka,Zambia,af,embassy
USAIDZambia,USAIDZambia,USAID Zambia,twitter.com/USAIDZambia,Lusaka,Zambia,af,usaid-mission
usembassyharare,usembassyharare,US Embassy Harare,twitter.com/usembassyharare,Harare,Zimbabwe,af,embassy
EdUSAZim,EdUSAZim,EducationUSAZimbabwe,twitter.com/EdUSAZim,Harare,Zimbabwe,af,foreign-other